5E-CF-7F-01-85-56,5ECF7F018556,5C-CF-7F-01-85-56,5CCF7F018556
5E-CF-7F-01-85-56,5ECF7F018556,5C-CF-7F-01-85-56,5CCF7F018556
1A-FE-34-DE-99-73,1AFE34DE9973,18-FE-34-DE-99-73,18FE34DE9973
1A-FE-34-DE-99-73,1AFE34DE9973,18-FE-34-DE-99-73,18FE34DE9973
1A-FE-34-DE-99-73,1AFE34DE9973,18-FE-34-DE-99-73,18FE34DE9973
1A-FE-34-DE-99-73,1AFE34DE9973,18-FE-34-DE-99-73,18FE34DE9973
1A-FE-34-DE-99-73,1AFE34DE9973,18-FE-34-DE-99-73,18FE34DE9973
1A-FE-34-DE-99-73,1AFE34DE9973,18-FE-34-DE-99-73,18FE34DE9973
1A-FE-34-DE-99-73,1AFE34DE9973,18-FE-34-DE-99-73,18FE34DE9973
1A-FE-34-DE-99-73,1AFE34DE9973,18-FE-34-DE-99-73,18FE34DE9973
1A-FE-34-DE-99-73,1AFE34DE9973,18-FE-34-DE-99-73,18FE34DE9973
1A-FE-34-DE-99-73,1AFE34DE9973,18-FE-34-DE-99-73,18FE34DE9973
1A-FE-34-DE-99-73,1AFE34DE9973,18-FE-34-DE-99-73,18FE34DE9973
1A-FE-34-DE-99-73,1AFE34DE9973,18-FE-34-DE-99-73,18FE34DE9973
5E-CF-7F-C0-2E-E9,5ECF7FC02EE9,5C-CF-7F-C0-2E-E9,5CCF7FC02EE9
5E-CF-7F-C0-2E-E9,5ECF7FC02EE9,5C-CF-7F-C0-2E-E9,5CCF7FC02EE9
